Activity update: Thu Jan 15 19:04:27 UTC 2026
Activity update: Fri Jan 16 09:20:38 UTC 2026
Activity update: Sat Jan 17 09:14:25 UTC 2026
Activity update: Sun Jan 18 09:15:08 UTC 2026
Activity update: Mon Jan 19 09:28:23 UTC 2026
Activity update: Tue Jan 20 09:27:32 UTC 2026
Activity update: Thu Jan 22 09:26:47 UTC 2026
Activity update: Fri Jan 23 09:23:58 UTC 2026
Activity update: Sat Jan 24 09:15:08 UTC 2026
Activity update: Sun Jan 25 09:15:42 UTC 2026
Activity update: Mon Jan 26 09:28:17 UTC 2026
